datetime,time (s),temperature (degC)
2024-10-17 16:38:34,514.0,11.593770641243836
2024-10-17 16:48:34,1114.0,13.056356972570482
2024-10-17 16:58:34,1714.0,13.67769330389713
2024-10-17 17:08:34,2314.0,13.949654635223775
2024-10-17 17:18:34,2914.0,14.142865966550422
2024-10-17 17:28:34,3514.0,14.574202297877067
2024-10-17 17:38:34,4114.0,14.974288629203713
2024-10-17 17:48:34,4714.0,15.26812496053036
2024-10-17 17:58:34,5314.0,15.495711291857006
2024-10-17 18:08:34,5914.0,15.73954762318365
2024-10-17 18:18:34,6514.0,16.169008954510293
2024-10-17 18:28:34,7114.0,16.24409528583694
2024-10-17 18:38:34,7714.0,16.400431617163587
2024-10-17 18:48:34,8314.0,16.61176794849023
2024-10-17 18:58:34,8914.0,16.74435427981688
2024-10-17 19:08:34,9514.0,16.88131561114352
2024-10-17 19:18:34,10114.0,17.04640194247017
2024-10-17 19:28:34,10714.0,17.343988273796814
2024-10-17 19:38:34,11314.0,17.548449605123455
2024-10-17 19:48:34,11914.0,17.558535936450106
2024-10-17 19:58:34,12514.0,17.58612226777675
2024-10-17 20:08:34,13114.0,17.6949585991034
2024-10-17 20:18:34,13714.0,17.83066993043004
2024-10-17 20:28:34,14314.0,18.088881261756686
2024-10-17 20:38:34,14914.0,18.17521759308333
2024-10-17 20:48:34,15514.0,18.36467892440998
2024-10-17 20:58:33,16113.0,18.564765111851077
2024-10-17 21:08:33,16713.0,18.632351443177726
2024-10-17 21:18:33,17313.0,18.78868777450437
2024-10-17 21:28:33,17913.0,18.844399105831016
2024-10-17 21:38:33,18513.0,18.910735437157662
2024-10-17 21:48:33,19113.0,18.963321768484306
2024-10-17 21:58:33,19713.0,19.066533099810954
2024-10-17 22:08:33,20313.0,19.160369431137592
2024-10-17 22:18:33,20913.0,19.279830762464247
2024-10-17 22:28:33,21513.0,19.291167093790893
2024-10-17 22:38:33,22113.0,19.401253425117538
2024-10-17 22:48:33,22713.0,19.57321475644418
2024-10-17 22:58:33,23313.0,19.627051087770827
2024-10-17 23:08:33,23913.0,19.722137419097475
2024-10-17 23:18:33,24513.0,19.777223750424117
2024-10-17 23:28:33,25113.0,19.78418508175076
2024-10-17 23:38:33,25713.0,19.80802141307741
2024-10-17 23:48:33,26313.0,19.878107744404055
2024-10-17 23:58:33,26913.0,19.978819075730705
2024-10-18 00:08:33,27513.0,20.029530407057347
2024-10-18 00:18:33,28113.0,20.18336673838399
2024-10-18 00:28:33,28713.0,20.21282806971064
2024-10-18 00:38:33,29313.0,20.245414401037284
2024-10-18 00:48:33,29913.0,20.38050073236393
2024-10-18 00:58:33,30513.0,20.441837063690578
2024-10-18 01:08:33,31113.0,20.48879839501722
2024-10-18 01:18:33,31713.0,20.574509726343862
2024-10-18 01:28:33,32313.0,20.71209605767051
2024-10-18 01:38:33,32913.0,20.80343238899716
2024-10-18 01:48:33,33513.0,20.855393720323807
2024-10-18 01:58:33,34113.0,20.852355051650452
2024-10-18 02:08:33,34713.0,20.9918163829771
2024-10-18 02:18:33,35313.0,21.058152714303738
2024-10-18 02:28:33,35913.0,20.991364045630387
2024-10-18 02:38:33,36513.0,20.951450376957034
2024-10-18 02:48:33,37113.0,20.955911708283676
2024-10-18 02:58:33,37713.0,21.009123039610326
2024-10-18 03:08:33,38313.0,20.96233437093697
2024-10-18 03:18:33,38913.0,21.137420702263615
2024-10-18 03:28:33,39513.0,21.347507033590258
2024-10-18 03:38:33,40113.0,21.364468364916902
2024-10-18 03:48:33,40713.0,21.49830469624355
2024-10-18 03:58:33,41313.0,21.520266027570198
2024-10-18 04:08:33,41913.0,21.444102358896846
2024-10-18 04:18:33,42513.0,21.49106369022349
2024-10-18 04:28:33,43113.0,21.488025021550133
2024-10-18 04:38:33,43713.0,21.60686135287678
2024-10-18 04:48:33,44313.0,21.747572684203426
2024-10-18 04:58:33,44913.0,21.742034015530077
2024-10-18 05:08:33,45513.0,21.77587034685672
2024-10-18 05:18:33,46113.0,21.825331678183364
2024-10-18 05:28:33,46713.0,21.83916800951001
2024-10-18 05:38:33,47313.0,21.89487934083665
2024-10-18 05:48:33,47913.0,21.9799656721633
2024-10-18 05:58:33,48513.0,22.083802003489943
2024-10-18 06:08:33,49113.0,22.048263334816596
2024-10-18 06:18:33,49713.0,21.99647466614324
2024-10-18 06:28:33,50313.0,22.108435997469886
2024-10-18 06:38:33,50913.0,22.170397328796533
2024-10-18 06:48:33,51513.0,22.086733660123176
2024-10-18 06:58:33,52113.0,22.12806999144982
2024-10-18 07:08:33,52713.0,22.144406322776465
2024-10-18 07:18:33,53313.0,22.211367654103114
2024-10-18 07:28:33,53913.0,22.315203985429754
2024-10-18 07:38:33,54513.0,22.3609153167564
2024-10-18 07:48:33,55113.0,22.41287664808305
2024-10-18 07:58:33,55713.0,22.440462979409695
2024-10-18 08:08:33,56313.0,22.47054931073634
2024-10-18 08:18:33,56913.0,22.501885642062987
2024-10-18 08:28:33,57513.0,22.54009697338963
2024-10-18 08:38:33,58113.0,22.570808304716277
2024-10-18 08:48:33,58713.0,22.592144636042924
2024-10-18 08:58:33,59313.0,22.669730967369564
2024-10-18 09:08:33,59913.0,22.671692298696215
2024-10-18 09:18:33,60513.0,22.65115363002286
2024-10-18 09:28:33,61113.0,22.7431149613495
2024-10-18 09:38:33,61713.0,22.736326292676154
2024-10-18 09:48:33,62313.0,22.833912624002803
2024-10-18 09:58:33,62913.0,22.82274895532944
2024-10-18 10:08:33,63513.0,22.819085286656087
2024-10-18 10:18:33,64113.0,22.876046617982734
2024-10-18 10:28:33,64713.0,22.916757949309382
2024-10-18 10:38:33,65313.0,22.95996928063603
2024-10-18 10:48:33,65913.0,22.97755561196267
2024-10-18 10:58:33,66513.0,23.00389194328932
2024-10-18 11:08:33,67113.0,23.00772827461596
2024-10-18 11:18:33,67713.0,23.052814605942608
2024-10-18 11:28:33,68313.0,23.107900937269253
2024-10-18 11:38:33,68913.0,23.1329872685959
2024-10-18 11:48:33,69513.0,23.202448599922548
2024-10-18 11:58:33,70113.0,23.19690993124919
2024-10-18 12:08:33,70713.0,23.33512126257584
2024-10-18 12:18:33,71313.0,23.213332593902486
2024-10-18 12:28:33,71913.0,23.27654392522913
2024-10-18 12:38:33,72513.0,23.329130256555775
2024-10-18 12:48:33,73113.0,23.219216587882418
2024-10-18 12:58:33,73713.0,23.474302919209062
2024-10-18 13:08:33,74313.0,23.326264250535708
2024-10-18 13:18:33,74913.0,23.451975581862357
2024-10-18 13:28:33,75513.0,23.417686913189005
2024-10-18 13:38:33,76113.0,23.48964824451565
2024-10-18 13:48:33,76713.0,23.424734575842297
2024-10-18 13:58:33,77313.0,23.440445907168943
2024-10-18 14:08:33,77913.0,23.487407238495585
2024-10-18 14:18:33,78513.0,23.452493569822234
2024-10-18 14:28:33,79113.0,23.525079901148878
2024-10-18 14:38:33,79713.0,23.61266623247552
2024-10-18 14:48:33,80313.0,23.689627563802173
2024-10-18 14:58:33,80913.0,23.652838895128816
2024-10-18 15:08:33,81513.0,23.619800226455464
2024-10-18 15:18:33,82113.0,23.710511557782105
2024-10-18 15:28:33,82713.0,23.743097889108757
2024-10-18 15:38:33,83313.0,23.758184220435396
2024-10-18 15:48:33,83913.0,23.747645551762044
2024-10-18 15:58:33,84513.0,23.80085688308869
2024-10-18 16:08:33,85113.0,23.791568214415335
2024-10-18 16:18:33,85713.0,23.807904545741984
2024-10-18 16:28:33,86313.0,23.834865877068626
2024-10-18 16:38:33,86913.0,23.874327208395272
2024-10-18 16:48:33,87513.0,23.861913539721918
2024-10-18 16:58:33,88113.0,23.895749871048558
2024-10-18 17:08:33,88713.0,23.94771120237521
2024-10-18 17:18:33,89313.0,23.99342253370185
2024-10-18 17:28:33,89913.0,23.970383865028502
2024-10-18 17:38:33,90513.0,24.02797019635515
2024-10-18 17:48:33,91113.0,24.07805652768179
2024-10-18 17:58:33,91713.0,24.05564285900844
2024-10-18 18:08:33,92313.0,24.07885419033509
2024-10-18 18:18:33,92913.0,24.134565521661724
2024-10-18 18:28:33,93513.0,24.117776852988374
2024-10-18 18:38:33,94113.0,24.17411318431502
2024-10-18 18:48:33,94713.0,24.137324515641666
2024-10-18 18:58:33,95313.0,24.220535846968314
2024-10-18 19:08:33,95913.0,24.206247178294962
2024-10-18 19:18:33,96513.0,24.278208509621606
2024-10-18 19:28:33,97113.0,24.200794840948248
2024-10-18 19:38:33,97713.0,24.21213117227489
2024-10-18 19:48:33,98313.0,24.275342503601536
2024-10-18 19:58:33,98913.0,24.238553834928183
2024-10-18 20:08:33,99513.0,24.26364016625483
2024-10-18 20:18:33,100113.0,24.319351497581476
2024-10-18 20:28:33,100713.0,24.38631282890812
2024-10-18 20:38:33,101313.0,24.39202416023477
2024-10-18 20:48:33,101913.0,24.38648549156141
2024-10-18 20:58:33,102513.0,24.439071822888057
2024-10-18 21:08:33,103113.0,24.483533154214705
2024-10-18 21:18:33,103713.0,24.51861948554135
2024-10-18 21:28:33,104313.0,24.53558081686799
2024-10-18 21:38:33,104913.0,24.58254214819464
2024-10-18 21:48:33,105513.0,24.648878479521287
2024-10-18 21:58:33,106113.0,24.671464810847933
2024-10-18 22:08:33,106713.0,24.739051142174578
2024-10-18 22:18:33,107313.0,24.658512473501222
2024-10-18 22:28:33,107913.0,24.696098804827866
2024-10-18 22:38:33,108513.0,24.753685136154505
2024-10-18 22:48:33,109113.0,24.816271467481158
2024-10-18 22:58:33,109713.0,24.878857798807804
2024-10-18 23:08:33,110313.0,24.859569130134453
2024-10-18 23:18:33,110913.0,24.8684054614611
2024-10-18 23:28:33,111513.0,24.812241792787738
2024-10-18 23:38:33,112113.0,24.90357812411439
2024-10-18 23:48:33,112713.0,24.888664455441035
2024-10-18 23:58:33,113313.0,24.843750786767682
2024-10-19 00:08:33,113913.0,24.920087118094326
2024-10-19 00:18:33,114513.0,24.96079844942097
2024-10-19 00:28:33,115113.0,24.95275978074762
2024-10-19 00:38:33,115713.0,24.965971112074264
2024-10-19 00:48:33,116313.0,24.947932443400905
2024-10-19 00:58:33,116913.0,24.973018774727553
2024-10-19 01:08:33,117513.0,25.0424801060542
2024-10-19 01:18:33,118113.0,25.048191437380847
2024-10-19 01:28:33,118713.0,25.010152768707492
2024-10-19 01:38:33,119313.0,25.031489100034133
2024-10-19 01:48:33,119913.0,25.04345043136079
2024-10-19 01:58:33,120513.0,25.144786762687428
2024-10-19 02:08:33,121113.0,25.109248094014074
2024-10-19 02:18:33,121713.0,25.14683442534072
2024-10-19 02:28:33,122313.0,25.079420756667364
2024-10-19 02:38:33,122913.0,25.122632087994017
2024-10-19 02:48:32,123512.0,25.22771827543511
2024-10-19 02:58:32,124112.0,25.252804606761757
2024-10-19 03:08:32,124712.0,25.174140938088406
2024-10-19 03:18:32,125312.0,25.255477269415046
2024-10-19 03:28:32,125912.0,25.24118860074169
2024-10-19 03:38:32,126512.0,25.214399932068343
2024-10-19 03:48:32,127112.0,25.33198626339498
2024-10-19 03:58:32,127712.0,25.252072594721632
2024-10-19 04:08:32,128312.0,25.32465892604828
2024-10-19 04:18:32,128912.0,25.395370257374925
2024-10-19 04:28:32,129512.0,25.29733158870157
2024-10-19 04:38:32,130112.0,25.313667920028212
2024-10-19 04:48:32,130712.0,25.400629251354868
2024-10-19 04:58:32,131312.0,25.403840582681504
2024-10-19 05:08:32,131912.0,25.454551914008153
2024-10-19 05:18:32,132512.0,25.405888245334793
2024-10-19 05:28:32,133112.0,25.353474576661448
2024-10-19 05:38:32,133712.0,25.53043590798809
2024-10-19 05:48:32,134312.0,25.44739723931474
2024-10-19 05:58:32,134912.0,25.450608570641386
2024-10-19 06:08:32,135512.0,25.38819490196803
2024-10-19 06:18:32,136112.0,25.44390623329467
2024-10-19 06:28:32,136712.0,25.550867564621317
2024-10-19 06:38:32,137312.0,25.570953895947966
2024-10-19 06:48:32,137912.0,25.55729022727461
2024-10-19 06:58:32,138512.0,25.488626558601254
2024-10-19 07:08:32,139112.0,25.445587889927907
2024-10-19 07:18:32,139712.0,25.474424221254544
2024-10-19 07:28:32,140312.0,25.51326055258119
2024-10-19 07:38:32,140912.0,25.59522188390784
2024-10-19 07:48:32,141512.0,25.58155821523448
2024-10-19 07:58:32,142112.0,25.52164454656113
2024-10-19 08:08:32,142712.0,25.534230877887776
2024-10-19 08:18:32,143312.0,25.55994220921442
2024-10-19 08:28:32,143912.0,25.587528540541065
2024-10-19 08:38:32,144512.0,25.626989871867707
2024-10-19 08:48:32,145112.0,25.59457620319436
2024-10-19 08:58:32,145712.0,25.61466253452101
2024-10-19 09:08:32,146312.0,25.561623865847654
2024-10-19 09:18:32,146912.0,25.5573351971743
2024-10-19 09:28:32,147512.0,25.633671528500944
2024-10-19 09:38:32,148112.0,25.625007859827587
2024-10-19 09:48:32,148712.0,25.621344191154233
2024-10-19 09:58:32,149312.0,25.721430522480873
2024-10-19 10:08:32,149912.0,25.64839185380752
2024-10-19 10:18:32,150512.0,25.685978185134168
2024-10-19 10:28:32,151112.0,25.75418951646082
2024-10-19 10:38:32,151712.0,25.79927584778746
2024-10-19 10:48:32,152312.0,25.841237179114106
2024-10-19 10:58:32,152912.0,25.71444851044075
2024-10-19 11:08:32,153512.0,25.745784841767406
2024-10-19 11:18:32,154112.0,25.83587117309405
2024-10-19 11:28:32,154712.0,25.78720750442069
2024-10-19 11:38:32,155312.0,25.80729383574733
2024-10-19 11:48:32,155912.0,25.867380167073982
2024-10-19 11:58:32,156512.0,25.84559149840063
2024-10-19 12:08:32,157112.0,25.798177829727273
2024-10-19 12:18:32,157712.0,25.787014161053918
2024-10-19 12:28:32,158312.0,25.83772549238056
2024-10-19 12:38:32,158912.0,25.776561823707212
2024-10-19 12:48:32,159512.0,25.830398155033855
2024-10-19 12:58:32,160112.0,25.857984486360493
2024-10-19 13:08:32,160712.0,25.93057081768714
2024-10-19 13:18:32,161312.0,25.94315714901379
2024-10-19 13:28:32,161912.0,25.96199348034044
2024-10-19 13:38:32,162512.0,25.932079811667087
2024-10-19 13:48:32,163112.0,25.924041142993723
2024-10-19 13:58:32,163712.0,25.972252474320378
2024-10-19 14:08:32,164312.0,25.85483880564702
2024-10-19 14:18:32,164912.0,25.882425136973662
2024-10-19 14:28:32,165512.0,25.870011468300316
2024-10-19 14:38:32,166112.0,25.966347799626952
2024-10-19 14:48:32,166712.0,25.9876841309536
2024-10-19 14:58:32,167312.0,25.94464546228025
2024-10-19 15:08:32,167912.0,25.980981793606894
2024-10-19 15:18:32,168512.0,26.01794312493353
2024-10-19 15:28:32,169112.0,26.064279456260188
2024-10-19 15:38:32,169712.0,26.033740787586826
2024-10-19 15:48:32,170312.0,26.063827118913476
2024-10-19 15:58:32,170912.0,26.07203845024012
2024-10-19 16:08:32,171512.0,26.005249781566764
2024-10-19 16:18:32,172112.0,26.130336112893414
2024-10-19 16:28:32,172712.0,26.122297444220056
2024-10-19 16:38:32,173312.0,26.137383775546702
2024-10-19 16:48:32,173912.0,26.12309510687335
2024-10-19 16:58:32,174512.0,26.195681438199994
2024-10-19 17:08:32,175112.0,26.20014276952664
2024-10-19 17:18:32,175712.0,26.172104100853286
2024-10-19 17:28:32,176312.0,26.199065432179932
2024-10-19 17:38:32,176912.0,26.21852676350658
2024-10-19 17:48:32,177512.0,26.238613094833223
2024-10-19 17:58:32,178112.0,26.24932442615987
2024-10-19 18:08:32,178712.0,26.188160757486518
2024-10-19 18:18:32,179312.0,26.210122088813158
2024-10-19 18:28:32,179912.0,26.31770842013981
2024-10-19 18:38:32,180512.0,26.33154475146645
2024-10-19 18:48:32,181112.0,26.276006082793096
2024-10-19 18:58:32,181712.0,26.254217414119744
2024-10-19 19:08:32,182312.0,26.29055374544639
2024-10-19 19:18:32,182912.0,26.357515076773034
2024-10-19 19:28:32,183512.0,26.451976408099682
2024-10-19 19:38:32,184112.0,26.428937739426328
2024-10-19 19:48:32,184712.0,26.44027407075297
2024-10-19 19:58:32,185312.0,26.43536040207962
2024-10-19 20:08:32,185912.0,26.463571733406262
2024-10-19 20:18:32,186512.0,26.39553306473291
2024-10-19 20:28:32,187112.0,26.42999439605955
2024-10-19 20:38:32,187712.0,26.439455727386196
2024-10-19 20:48:32,188312.0,26.464542058712837
2024-10-19 20:58:32,188912.0,26.458378390039496
2024-10-19 21:08:32,189512.0,26.472214721366136
2024-10-19 21:18:32,190112.0,26.537926052692782
2024-10-19 21:28:32,190712.0,26.488012384019427
2024-10-19 21:38:32,191312.0,26.49622371534607
2024-10-19 21:48:32,191912.0,26.46381004667272
2024-10-19 21:58:32,192512.0,26.497021377999367
2024-10-19 22:08:32,193112.0,26.570232709326017
2024-10-19 22:18:32,193712.0,26.577194040652657
2024-10-19 22:28:32,194312.0,26.6372803719793
2024-10-19 22:38:32,194912.0,26.64174170330595
2024-10-19 22:48:32,195512.0,26.614953034632595
2024-10-19 22:58:32,196112.0,26.63316436595924
2024-10-19 23:08:32,196712.0,26.570750697285884
2024-10-19 23:18:32,197312.0,26.62146202861253
2024-10-19 23:28:32,197912.0,26.639048359939178
2024-10-19 23:38:32,198512.0,26.651634691265816
2024-10-19 23:48:32,199112.0,26.69297102259247
2024-10-19 23:58:32,199712.0,26.66805735391911
2024-10-20 00:08:32,200312.0,26.74689368524576
2024-10-20 00:18:32,200912.0,26.751355016572408
2024-10-20 00:28:32,201512.0,26.711441347899054
2024-10-20 00:38:32,202112.0,26.780277679225698
2024-10-20 00:48:32,202712.0,26.792239010552343
2024-10-20 00:58:32,203312.0,26.73545034187898
2024-10-20 01:08:32,203912.0,26.748036673205632
2024-10-20 01:18:32,204512.0,26.711873004532283
2024-10-20 01:28:32,205112.0,26.780084335858923
2024-10-20 01:38:32,205712.0,26.767670667185573
2024-10-20 01:48:32,206312.0,26.77900699851222
2024-10-20 01:58:32,206912.0,26.848468329838866
2024-10-20 02:08:32,207512.0,26.817929661165508
2024-10-20 02:18:32,208112.0,26.75239099249216
2024-10-20 02:28:32,208712.0,26.788102323818798
2024-10-20 02:38:32,209312.0,26.830063655145445
2024-10-20 02:48:32,209912.0,26.789524986472088
2024-10-20 02:58:32,210512.0,26.88773631779874
2024-10-20 03:08:32,211112.0,26.896572649125382
2024-10-20 03:18:32,211712.0,26.881658980452027
2024-10-20 03:28:32,212312.0,26.871120311778675
2024-10-20 03:38:32,212912.0,26.874331643105318
2024-10-20 03:48:32,213512.0,26.93004297443197
2024-10-20 03:58:32,214112.0,26.937004305758606
2024-10-20 04:08:32,214712.0,26.91021563708526
2024-10-20 04:18:32,215312.0,26.90092696841191
2024-10-20 04:28:32,215912.0,26.92726329973855
2024-10-20 04:38:32,216512.0,26.941099631065192
2024-10-20 04:48:32,217112.0,27.02868596239184
2024-10-20 04:58:32,217712.0,27.022522293718488
2024-10-20 05:08:32,218312.0,27.02198362504513
2024-10-20 05:18:32,218912.0,27.01581995637177
2024-10-20 05:28:32,219512.0,27.083406287698423
2024-10-20 05:38:32,220112.0,27.139742619025068
2024-10-20 05:48:32,220712.0,27.079828950351715
2024-10-20 05:58:31,221311.0,27.087415137792817
2024-10-20 06:08:31,221911.0,27.102501469119456
2024-10-20 06:18:31,222511.0,27.120712800446107
2024-10-20 06:28:31,223111.0,27.07642413177275
2024-10-20 06:38:31,223711.0,27.05088546309939
2024-10-20 06:48:31,224311.0,27.108471794426045
2024-10-20 06:58:31,224911.0,27.15480812575269
2024-10-20 07:08:31,225511.0,27.133019457079335
2024-10-20 07:18:31,226111.0,27.068105788405976
2024-10-20 07:28:31,226711.0,27.026942119732624
2024-10-20 07:38:31,227311.0,27.172028451059273
2024-10-20 07:48:31,227911.0,27.11523978238592
2024-10-20 07:58:31,228511.0,27.157201113712567
2024-10-20 08:08:31,229111.0,27.141662445039206
2024-10-20 08:18:31,229711.0,27.184248776365855
2024-10-20 08:28:31,230311.0,27.250585107692494
2024-10-20 08:38:31,230911.0,27.280671439019144
2024-10-20 08:48:31,231511.0,27.282632770345792
2024-10-20 08:58:31,232111.0,27.232719101672433
2024-10-20 09:08:31,232711.0,27.24968043299908
2024-10-20 09:18:31,233311.0,27.219766764325723
2024-10-20 09:28:31,233911.0,27.21610309565238
2024-10-20 09:38:31,234511.0,27.21806442697902
2024-10-20 09:48:31,235111.0,27.21940075830566
2024-10-20 09:58:31,235711.0,27.26261208963231
2024-10-20 10:08:31,236311.0,27.23144842095896
2024-10-20 10:18:31,236911.0,27.2252847522856
2024-10-20 10:28:31,237511.0,27.275996083612252
2024-10-20 10:38:31,238111.0,27.27795741493889
2024-10-20 10:48:31,238711.0,27.200543746265534
2024-10-20 10:58:31,239311.0,27.209380077592186
2024-10-20 11:08:31,239911.0,27.305091408918823
2024-10-20 11:18:31,240511.0,27.32830274024547
2024-10-20 11:28:31,241111.0,27.304639071572122
2024-10-20 11:38:31,241711.0,27.337850402898763
2024-10-20 11:48:31,242311.0,27.379186734225417
2024-10-20 11:58:31,242911.0,27.374273065552053
2024-10-20 12:08:31,243511.0,27.3168593968787
2024-10-20 12:18:31,244111.0,27.330070728205353
2024-10-20 12:28:31,244711.0,27.372032059531996
2024-10-20 12:38:31,245311.0,27.344618390858642
2024-10-20 12:48:31,245911.0,27.37595472218529
2024-10-20 12:58:31,246511.0,27.38104105351193
2024-10-20 13:08:31,247111.0,27.361127384838575
2024-10-20 13:18:31,247711.0,27.41371371616523
2024-10-20 13:28:31,248311.0,27.307550047491876
2024-10-20 13:38:31,248911.0,27.292636378818514
2024-10-20 13:48:31,249511.0,27.41897271014516
2024-10-20 13:58:31,250111.0,27.386559041471806
2024-10-20 14:08:31,250711.0,27.41414537279845
2024-10-20 14:18:31,251311.0,27.411106704125096
2024-10-20 14:28:31,251911.0,27.441818035451742
2024-10-20 14:38:31,252511.0,27.353779366778387
2024-10-20 14:48:31,253111.0,27.414490698105034
2024-10-20 14:58:31,253711.0,27.447702029431674
2024-10-20 15:08:31,254311.0,27.383413360758325
2024-10-20 15:18:31,254911.0,27.45537469208497
2024-10-20 15:28:31,255511.0,27.460461023411614
2024-10-20 15:38:31,256111.0,27.46304735473826
2024-10-20 15:48:31,256711.0,27.398758686064912
2024-10-20 15:58:31,257311.0,27.509470017391553
2024-10-20 16:08:31,257911.0,27.486431348718202
2024-10-20 16:18:31,258511.0,27.49714268004485
2024-10-20 16:28:31,259111.0,27.575979011371487
2024-10-20 16:38:31,259711.0,27.557940342698142
2024-10-20 16:48:31,260311.0,27.50802667402478
2024-10-20 16:58:31,260911.0,27.51248800535143
2024-10-20 17:08:31,261511.0,27.493824336678074
2024-10-20 17:18:31,262111.0,27.582035668004714
2024-10-20 17:28:31,262711.0,27.452746999331367
2024-10-20 17:38:31,263311.0,27.43970833065801
2024-10-20 17:48:31,263911.0,27.575419661984657
2024-10-20 17:58:31,264511.0,27.636130993311305
2024-10-20 18:08:31,265111.0,27.596217324637948
2024-10-20 18:18:31,265711.0,27.607553655964594
2024-10-20 18:28:31,266311.0,27.610139987291237
2024-10-20 18:38:31,266911.0,27.625226318617884
2024-10-20 18:48:31,267511.0,27.68656264994453
2024-10-20 18:58:31,268111.0,27.73039898127118
2024-10-20 19:08:31,268711.0,27.666110312597823
2024-10-20 19:18:31,269311.0,27.711196643924474
2024-10-20 19:28:31,269911.0,27.750032975251113
2024-10-20 19:38:31,270511.0,27.805744306577754
2024-10-20 19:48:31,271111.0,27.829580637904403
2024-10-20 19:58:31,271711.0,27.859666969231053
2024-10-20 20:08:31,272311.0,27.891003300557703
2024-10-20 20:18:31,272911.0,27.87546463188434
2024-10-20 20:28:31,273511.0,27.841175963210986
2024-10-20 20:38:31,274111.0,27.886887294537633
2024-10-20 20:48:31,274711.0,27.833848625864285
2024-10-20 20:58:31,275311.0,27.84018495719093
2024-10-20 21:08:31,275911.0,27.822146288517576
2024-10-20 21:18:31,276511.0,27.782232619844216
2024-10-20 21:28:31,277111.0,27.877318951170864
2024-10-20 21:38:31,277711.0,27.87240528249751
2024-10-20 21:48:31,278311.0,27.84061661382415
2024-10-20 21:58:31,278911.0,27.8807029451508
2024-10-20 22:08:31,279511.0,27.928289276477443
2024-10-20 22:18:31,280111.0,27.922750607804094
2024-10-20 22:28:31,280711.0,27.919086939130736
2024-10-20 22:38:31,281311.0,27.983548270457383
2024-10-20 22:48:31,281911.0,27.941759601784025
2024-10-20 22:58:31,282511.0,27.96809593311067
2024-10-20 23:08:31,283111.0,28.05943226443732
2024-10-20 23:18:31,283711.0,28.050768595763966
2024-10-20 23:28:31,284311.0,28.089604927090615
2024-10-20 23:38:31,284911.0,28.065941258417258
2024-10-20 23:48:31,285511.0,28.103527589743905
2024-10-20 23:58:31,286111.0,28.111113921070547
2024-10-21 00:08:31,286711.0,28.038700252397195
2024-10-21 00:18:31,287311.0,28.07441158372384
2024-10-21 00:28:31,287911.0,28.058247915050487
2024-10-21 00:38:31,288511.0,28.02145924637713
2024-10-21 00:48:31,289111.0,28.030920577703778
2024-10-21 00:58:31,289711.0,28.109756909030423
2024-10-21 01:08:31,290311.0,28.032343240357072
2024-10-21 01:18:31,290911.0,28.046179571683712
2024-10-21 01:28:31,291511.0,28.102515903010357
2024-10-21 01:38:31,292111.0,28.066352234337003
2024-10-21 01:48:31,292711.0,28.07956356566365
2024-10-21 01:58:31,293311.0,28.093399896990295
2024-10-21 02:08:31,293911.0,28.129111228316944
2024-10-21 02:18:31,294511.0,28.079197559643582
2024-10-21 02:28:31,295111.0,28.084283890970234
2024-10-21 02:38:31,295711.0,28.10999522229688
2024-10-21 02:48:31,296311.0,28.06820655362353
2024-10-21 02:58:31,296911.0,28.10266788495017
2024-10-21 03:08:31,297511.0,28.108379216276816
2024-10-21 03:18:31,298111.0,28.099715547603463
2024-10-21 03:28:31,298711.0,28.13230187893011
2024-10-21 03:38:31,299311.0,28.121138210256753
2024-10-21 03:48:31,299911.0,28.156849541583398
2024-10-21 03:58:31,300511.0,28.145060872910047
2024-10-21 04:08:31,301111.0,28.139522204236687
2024-10-21 04:18:31,301711.0,28.185233535563338
2024-10-21 04:28:31,302311.0,28.19781986688998
2024-10-21 04:38:31,302911.0,28.164781198216623
2024-10-21 04:48:31,303511.0,28.196742529543272
2024-10-21 04:58:31,304111.0,28.245578860869923
2024-10-21 05:08:31,304711.0,28.279415192196566
2024-10-21 05:18:31,305311.0,28.273876523523214
2024-10-21 05:28:31,305911.0,28.276462854849854
2024-10-21 05:38:31,306511.0,28.336549186176505
2024-10-21 05:48:31,307111.0,28.311635517503145
2024-10-21 05:58:30,307710.0,28.324221704944247
2024-10-21 06:08:30,308310.0,28.280558036270893
2024-10-21 06:18:30,308910.0,28.24501936759754
2024-10-21 06:28:30,309510.0,28.291355698924182
2024-10-21 06:38:30,310110.0,28.30456703025083
2024-10-21 06:48:30,310710.0,28.26965336157748
2024-10-21 06:58:30,311310.0,28.334739692904122
2024-10-21 07:08:30,311910.0,28.357951024230765
2024-10-21 07:18:30,312510.0,28.43866235555741
2024-10-21 07:28:30,313110.0,28.408748686884056
2024-10-21 07:38:30,313710.0,28.479460018210702
2024-10-21 07:48:30,314310.0,28.47829634953735
2024-10-21 07:58:30,314910.0,28.427132680863995
2024-10-21 08:08:30,315510.0,28.36596901219064
2024-10-21 08:18:30,316110.0,28.332305343517284
2024-10-21 08:28:30,316710.0,28.28051667484393
2024-10-21 08:38:30,317310.0,28.25872800617058
2024-10-21 08:48:30,317910.0,28.24443933749722
2024-10-21 08:58:30,318510.0,28.30265066882387
2024-10-21 09:05:39,318939.0,28.32646239572242
2024-10-21 09:15:40,319540.0,27.543423870934614
2024-10-21 09:25:40,320140.0,26.41351020226126
2024-10-21 09:35:40,320740.0,26.111096533587904
2024-10-21 09:45:40,321340.0,27.25305786491455
2024-10-21 09:55:40,321940.0,27.591894196241196
2024-10-21 10:05:40,322540.0,27.464480527567844
2024-10-21 10:15:40,323140.0,27.406441858894485
2024-10-21 10:25:40,323740.0,27.52465319022113
2024-10-21 10:35:40,324340.0,27.650364521547782
2024-10-21 10:45:40,324940.0,27.627325852874424
2024-10-21 10:55:40,325540.0,27.68491218420107
2024-10-21 11:05:40,326140.0,27.75374851552771
2024-10-21 11:15:40,326740.0,27.866959846854357
2024-10-21 11:25:40,327340.0,27.78767117818101
2024-10-21 11:35:40,327940.0,27.880882509507657
2024-10-21 11:45:40,328540.0,27.809718840834297
2024-10-21 11:55:40,329140.0,27.96668017216094
2024-10-21 12:05:40,329740.0,27.92801650348759
2024-10-21 12:15:40,330340.0,28.00997783481423
2024-10-21 12:25:40,330940.0,28.036939166140883
2024-10-21 12:35:40,331540.0,27.921400497467523
2024-10-21 12:45:40,332140.0,28.05211182879417
2024-10-21 12:55:40,332740.0,28.049698160120812
2024-10-21 13:05:40,333340.0,27.97228449144746
2024-10-21 13:15:40,333940.0,28.106120822774102
2024-10-21 13:25:40,334540.0,28.154957154100757
2024-10-21 13:35:40,335140.0,28.1450434854274
2024-10-21 13:45:40,335740.0,28.188254816754043
2024-10-21 13:55:40,336340.0,28.127091148080694
2024-10-21 14:05:40,336940.0,28.189052479407337
2024-10-21 14:15:40,337540.0,28.221638810733985
2024-10-21 14:25:40,338140.0,28.282975142060632
2024-10-21 14:35:40,338740.0,28.190561473387277
2024-10-21 14:45:40,339340.0,28.286272804713917
2024-10-21 14:55:40,339940.0,28.19135913604056
2024-10-21 15:05:40,340540.0,28.22894546736721
2024-10-21 15:15:40,341140.0,28.24778179869385
2024-10-21 15:25:40,341740.0,28.243493130020504
2024-10-21 15:35:40,342340.0,28.259204461347142
2024-10-21 15:45:40,342940.0,28.301790792673792
2024-10-21 15:55:40,343540.0,28.36812712400044
2024-10-21 16:05:40,344140.0,28.23133845532708
2024-10-21 16:15:40,344740.0,28.365174786653732
2024-10-21 16:25:40,345340.0,28.34588611798037
2024-10-21 16:35:40,345940.0,28.397847449307022
2024-10-21 16:45:40,346540.0,28.33418378063367
2024-10-21 16:55:40,347140.0,28.48614511196031
2024-10-21 17:05:40,347740.0,28.506856443286956
2024-10-21 17:15:40,348340.0,28.487567774613606
2024-10-21 17:25:40,348940.0,28.533904105940245
2024-10-21 17:35:40,349540.0,28.4652404372669
2024-10-21 17:45:40,350140.0,28.52657676859354
2024-10-21 17:55:40,350740.0,28.491663099920185
2024-10-21 18:05:40,351340.0,28.537374431246835
2024-10-21 18:15:40,351940.0,28.62746076257348
2024-10-21 18:25:40,352540.0,28.580047093900124
2024-10-21 18:35:40,353140.0,28.562008425226768
2024-10-21 18:45:40,353740.0,28.629594756553416
2024-10-21 18:55:40,354340.0,28.618431087880065
2024-10-21 19:05:40,354940.0,28.491017419206706
2024-10-21 19:15:40,355540.0,28.53922875053335
2024-10-21 19:25:40,356140.0,28.510565081859998
2024-10-21 19:35:40,356740.0,28.461276413186646
2024-10-21 19:45:40,357340.0,28.50198774451329
2024-10-21 19:55:40,357940.0,28.472699075839937
2024-10-21 20:05:40,358540.0,28.52466040716658
2024-10-21 20:15:40,359140.0,28.579121738493228
2024-10-21 20:25:40,359740.0,28.58358306981987
2024-10-21 20:35:40,360340.0,28.52679440114652
2024-10-21 20:45:40,360940.0,28.598130732473166
2024-10-21 20:55:40,361540.0,28.612592063799813
2024-10-21 21:05:40,362140.0,28.61017839512646
2024-10-21 21:15:40,362740.0,28.632139726453097
2024-10-21 21:25:39,363339.0,28.695975913894205
2024-10-21 21:35:39,363939.0,28.63731224522085
2024-10-21 21:45:39,364539.0,28.766148576547497
2024-10-21 21:55:39,365139.0,28.68310990787414
2024-10-21 22:05:39,365739.0,28.708821239200788
2024-10-21 22:15:39,366339.0,28.690157570527433
2024-10-21 22:25:39,366939.0,28.715243901854073
2024-10-21 22:35:39,367539.0,28.79220523318072
2024-10-21 22:45:39,368139.0,28.78166656450737
2024-10-21 22:55:39,368739.0,28.744252895834016
2024-10-21 23:05:39,369339.0,28.75871422716066
2024-10-21 23:15:39,369939.0,28.738175558487303
2024-10-21 23:25:39,370539.0,28.798886889813957
2024-10-21 23:35:39,371139.0,28.808348221140598
2024-10-21 23:45:39,371739.0,28.808434552467244
2024-10-21 23:55:39,372339.0,28.811020883793894
2024-10-22 00:05:39,372939.0,28.801732215120527
2024-10-22 00:15:39,373539.0,28.82056854644718
2024-10-22 00:25:39,374139.0,28.846279877773824
2024-10-22 00:35:39,374739.0,28.828241209100472
2024-10-22 00:45:39,375339.0,28.895202540427118
2024-10-22 00:55:39,375939.0,28.867163871753764
2024-10-22 01:05:39,376539.0,28.932250203080407
2024-10-22 01:15:39,377139.0,28.918586534407055
2024-10-22 01:25:39,377739.0,28.984922865733697
2024-10-22 01:35:39,378339.0,28.98188419706035
2024-10-22 01:45:39,378939.0,28.976345528386993
2024-10-22 01:55:39,379539.0,29.023931859713638
2024-10-22 02:05:39,380139.0,28.968393191040285
2024-10-22 02:15:39,380739.0,28.902229522366927
2024-10-22 02:25:39,381339.0,28.882315853693573
2024-10-22 02:35:39,381939.0,28.985527185020224
2024-10-22 02:45:39,382539.0,28.92498851634687
2024-10-22 02:55:39,383139.0,28.916949847673507
2024-10-22 03:05:39,383739.0,28.839536179000156
2024-10-22 03:15:39,384339.0,28.918372510326805
2024-10-22 03:25:39,384939.0,28.928458841653445
2024-10-22 03:35:39,385539.0,28.915420172980095
2024-10-22 03:45:39,386139.0,28.85113150430674
2024-10-22 03:55:39,386739.0,28.928092835633386
2024-10-22 04:05:39,387339.0,28.951929166960035
2024-10-22 04:15:39,387939.0,28.968890498286676
2024-10-22 04:25:39,388539.0,28.972101829613322
2024-10-22 04:35:39,389139.0,28.847188160939968
2024-10-22 04:45:39,389739.0,28.969149492266613
2024-10-22 04:55:39,390339.0,28.937360823593256
2024-10-22 05:05:39,390939.0,28.892447154919907
2024-10-22 05:15:39,391539.0,28.956283486246555
2024-10-22 05:25:39,392139.0,28.905119817573194
2024-10-22 05:35:39,392739.0,28.95395614889984
2024-10-22 05:45:39,393339.0,28.908417480226486
2024-10-22 05:55:39,393939.0,28.911628811553136
2024-10-22 06:05:39,394539.0,29.00609014287977
2024-10-22 06:15:39,395139.0,29.01867647420643
2024-10-22 06:25:39,395739.0,28.99501280553307
2024-10-22 06:35:39,396339.0,28.933224136859717
2024-10-22 06:45:39,396939.0,28.917685468186356
2024-10-22 06:55:39,397539.0,28.888396799513
2024-10-22 07:05:39,398139.0,29.007233130839655
2024-10-22 07:15:39,398739.0,29.0141944621663
2024-10-22 07:25:39,399339.0,28.950530793492938
2024-10-22 07:35:39,399939.0,28.87749212481959
2024-10-22 07:45:39,400539.0,28.923203456146236
2024-10-22 07:55:39,401139.0,29.045789787472877
2024-10-22 08:05:39,401739.0,28.978376118799527
2024-10-22 08:15:39,402339.0,28.894712450126164
2024-10-22 08:25:39,402939.0,28.78667378145282
2024-10-22 08:35:39,403539.0,28.92863511277946
2024-10-22 08:45:39,404139.0,28.90934644410611
2024-10-22 08:55:39,404739.0,28.89693277543275
2024-10-22 09:05:39,405339.0,28.841394106759402
2024-10-22 09:15:39,405939.0,28.905855438086043
2024-10-22 09:25:39,406539.0,28.954066769412687
2024-10-22 09:35:39,407139.0,28.909778100739334
2024-10-22 09:45:39,407739.0,28.97423943206598
2024-10-22 09:55:39,408339.0,29.049325763392623
2024-10-22 10:05:39,408939.0,29.014412094719273
2024-10-22 10:15:39,409539.0,29.02949842604592
2024-10-22 10:25:39,410139.0,29.04708475737256
2024-10-22 10:35:39,410739.0,29.04967108869921
2024-10-22 10:45:39,411339.0,28.97913242002586
2024-10-22 10:55:39,411939.0,28.949218751352497
2024-10-22 11:05:39,412539.0,28.931805082679144
2024-10-22 11:15:39,413139.0,28.988141414005796
2024-10-22 11:25:39,413739.0,29.129477745332437
2024-10-22 11:35:39,414339.0,29.050189076659088
2024-10-22 11:45:39,414939.0,28.94652540798573
2024-10-22 11:55:39,415539.0,29.073486739312383
2024-10-22 12:05:39,416139.0,29.112323070639025
2024-10-22 12:15:39,416739.0,29.085534401965663
2024-10-22 12:25:39,417339.0,29.08437073329231
2024-10-22 12:35:39,417939.0,29.205707064618963
2024-10-22 12:45:39,418539.0,29.144543395945604
2024-10-22 12:55:39,419139.0,29.141504727272252
2024-10-22 13:05:39,419739.0,29.19784105859889
2024-10-22 13:15:39,420339.0,29.145427389925537
2024-10-22 13:25:39,420939.0,29.081763721252184
2024-10-22 13:35:39,421539.0,29.08872505257883
2024-10-22 13:45:39,422139.0,29.141936383905474
2024-10-22 13:55:39,422739.0,29.10889771523212
2024-10-22 14:05:39,423339.0,29.14648404655877
2024-10-22 14:15:39,423939.0,29.139070377885417
2024-10-22 14:25:39,424539.0,29.141656709212068
2024-10-22 14:35:39,425139.0,29.167993040538704
2024-10-22 14:45:39,425739.0,29.18682937186535
2024-10-22 14:55:39,426339.0,29.183165703192
2024-10-22 15:05:39,426939.0,29.228252034518647
2024-10-22 15:15:39,427539.0,29.271463365845293
2024-10-22 15:25:39,428139.0,29.26029969717193
2024-10-22 15:35:39,428739.0,29.256011028498584
2024-10-22 15:45:39,429339.0,29.25484735982523
2024-10-22 15:55:39,429939.0,29.290558691151872
2024-10-22 16:05:39,430539.0,29.311895022478513
2024-10-22 16:15:39,431139.0,29.25510635380516
2024-10-22 16:25:39,431739.0,29.264567685131812
2024-10-22 16:35:39,432339.0,29.337154016458452
2024-10-22 16:45:39,432939.0,29.3916153477851
2024-10-22 16:55:39,433539.0,29.43107667911175
2024-10-22 17:05:38,434138.0,29.38928786655285
2024-10-22 17:15:38,434738.0,29.403749197879495
2024-10-22 17:25:38,435338.0,29.42383552920614
2024-10-22 17:35:38,435938.0,29.39017186053279
2024-10-22 17:45:38,436538.0,29.34525819185944
2024-10-22 17:55:38,437138.0,29.497219523186082
2024-10-22 18:05:38,437738.0,29.492930854512714
2024-10-22 18:15:38,438338.0,29.42176718583937
2024-10-22 18:25:38,438938.0,29.430603517166013
2024-10-22 18:35:38,439538.0,29.468814848492656
2024-10-22 18:45:38,440138.0,29.4764011798193
2024-10-22 18:55:38,440738.0,29.497737511145953
2024-10-22 19:05:38,441338.0,29.550948842472597
2024-10-22 19:15:38,441938.0,29.556660173799248
2024-10-22 19:25:38,442538.0,29.48987150512589
2024-10-22 19:35:38,443138.0,29.520582836452533
2024-10-22 19:45:38,443738.0,29.56566916777918
2024-10-22 19:55:38,444338.0,29.514505499105827
2024-10-22 20:05:38,444938.0,29.56084183043247
2024-10-22 20:15:38,445538.0,29.549053161759115
2024-10-22 20:25:38,446138.0,29.55038949308576
2024-10-22 20:35:38,446738.0,29.48485082441241
2024-10-22 20:45:38,447338.0,29.459312155739052
2024-10-22 20:55:38,447938.0,29.4875234870657
2024-10-22 21:05:38,448538.0,29.487609818392343
2024-10-22 21:15:38,449138.0,29.50394614971899
2024-10-22 21:25:38,449738.0,29.520282481045637
2024-10-22 21:35:38,450338.0,29.60786881237228
2024-10-22 21:45:38,450938.0,29.529205143698924
2024-10-22 21:55:38,451538.0,29.48866647502557
2024-10-22 22:05:38,452138.0,29.564377806352223
2024-10-22 22:15:38,452738.0,29.568839137678864
2024-10-22 22:25:38,453338.0,29.577050469005506
2024-10-22 22:35:38,453938.0,29.605261800332155
2024-10-22 22:45:38,454538.0,29.534098131658805
2024-10-22 22:55:38,455138.0,29.55230946298545
2024-10-22 23:05:38,455738.0,29.59739579431209
2024-10-22 23:15:38,456338.0,29.616857125638738
2024-10-22 23:25:38,456938.0,29.603818456965385
2024-10-22 23:35:38,457538.0,29.651404788292027
2024-10-22 23:45:38,458138.0,29.59024111961867
2024-10-22 23:55:38,458738.0,29.557202450945326
2024-10-23 00:05:38,459338.0,29.581663782271963
2024-10-23 00:15:38,459938.0,29.63612511359861
2024-10-23 00:25:38,460538.0,29.623086444925256
2024-10-23 00:35:38,461138.0,29.6181727762519
2024-10-23 00:45:38,461738.0,29.635134107578548
2024-10-23 00:55:38,462338.0,29.6820954389052
2024-10-23 01:05:38,462938.0,29.61655677023184
2024-10-23 01:15:38,463538.0,29.60601810155849
2024-10-23 01:25:38,464138.0,29.71672943288513
2024-10-23 01:35:38,464738.0,29.656190764211775
2024-10-23 01:45:38,465338.0,29.65627709553842
2024-10-23 01:55:38,465938.0,29.668238426865067
2024-10-23 02:05:38,466538.0,29.658324758191718
2024-10-23 02:15:38,467138.0,29.66153608951836
2024-10-23 02:25:38,467738.0,29.680997420845003
2024-10-23 02:35:38,468338.0,29.706083752171647
2024-10-23 02:45:38,468938.0,29.711795083498295
2024-10-23 02:55:38,469538.0,29.749381414824942
2024-10-23 03:05:38,470138.0,29.681967746151592
2024-10-23 03:15:38,470738.0,29.754554077478236
2024-10-23 03:25:38,471338.0,29.699640408804882
2024-10-23 03:35:38,471938.0,29.70722674013153
2024-10-23 03:45:38,472538.0,29.676063071458174
2024-10-23 03:55:38,473138.0,29.79427440278482
2024-10-23 04:05:38,473738.0,29.719985734111464
2024-10-23 04:15:38,474338.0,29.69757206543811
2024-10-23 04:25:38,474938.0,29.758908396764756
2024-10-23 04:35:38,475538.0,29.7739947280914
2024-10-23 04:45:38,476138.0,29.759081059418037
2024-10-23 04:55:38,476738.0,29.71354239074469
2024-10-23 05:05:38,477338.0,29.78112872207134
2024-10-23 05:15:38,477938.0,29.734340053397982
2024-10-23 05:25:38,478538.0,29.743801384724627
2024-10-23 05:35:38,479138.0,29.673262716051273
2024-10-23 05:45:38,479738.0,29.677724047377918
2024-10-23 05:55:38,480338.0,29.748435378704563
2024-10-23 06:05:38,480938.0,29.66414671003121
2024-10-23 06:15:38,481538.0,29.661733041357852
2024-10-23 06:25:38,482138.0,29.689944372684504
2024-10-23 06:35:38,482738.0,29.705030704011147
2024-10-23 06:45:38,483338.0,29.68511703533779
2024-10-23 06:55:38,483938.0,29.651453366664434
2024-10-23 07:05:38,484538.0,29.64341469799109
2024-10-23 07:15:38,485138.0,29.63912602931773
2024-10-23 07:25:38,485738.0,29.662337360644383
2024-10-23 07:35:38,486338.0,29.731798691971022
2024-10-23 07:45:38,486938.0,29.655010023297667
2024-10-23 07:55:38,487538.0,29.615721354624316
2024-10-23 08:05:38,488138.0,29.63268268595096
2024-10-23 08:15:38,488738.0,29.700894017277612
2024-10-23 08:25:38,489338.0,29.68598034860425
2024-10-23 08:35:38,489938.0,29.66419167993089
2024-10-23 08:45:38,490538.0,29.62115301125754
2024-10-23 08:55:38,491138.0,29.632489342584186
2024-10-23 09:05:38,491738.0,29.62257567391083
2024-10-23 09:15:38,492338.0,29.654537005237476
2024-10-23 09:25:38,492938.0,29.668998336564126
2024-10-23 09:35:38,493538.0,29.682209667890774
2024-10-23 09:45:38,494138.0,29.66729599921742
2024-10-23 09:55:38,494738.0,29.646132330544063
2024-10-23 10:05:38,495338.0,29.692468661870702
2024-10-23 10:15:38,495938.0,29.62942999319735
2024-10-23 10:25:38,496538.0,29.645766324524
2024-10-23 10:35:38,497138.0,29.706477655850644
2024-10-23 10:45:38,497738.0,29.721563987177287
2024-10-23 10:55:38,498338.0,29.664150318503935
2024-10-23 11:05:38,498938.0,29.71173664983058
2024-10-23 11:15:38,499538.0,29.699322981157227
2024-10-23 11:25:37,500137.0,29.65253416859833
2024-10-23 11:35:37,500737.0,29.720120499924978
2024-10-23 11:45:37,501337.0,29.637081831251624
2024-10-23 11:55:37,501937.0,29.62904316257827
2024-10-23 12:05:37,502537.0,29.769754493904916
2024-10-23 12:15:37,503137.0,29.837340825231564
2024-10-23 12:25:37,503737.0,29.8280521565582
2024-10-23 12:35:37,504337.0,29.834388487884844
2024-10-23 12:45:37,504937.0,29.848224819211495
2024-10-23 12:55:37,505537.0,29.795811150538146
2024-10-23 13:05:37,506137.0,29.86964748186478
2024-10-23 13:15:37,506737.0,29.798483813191435
2024-10-23 13:25:37,507337.0,29.810445144518084
2024-10-23 13:35:37,507937.0,29.829906475844723
2024-10-23 13:45:37,508537.0,29.796867807171374
2024-10-23 13:55:37,509137.0,29.866329138498013
2024-10-23 14:05:37,509737.0,29.923915469824664
2024-10-23 14:15:37,510337.0,29.904001801151303
2024-10-23 14:25:37,510937.0,29.99783813247795
2024-10-23 14:35:37,511537.0,30.012299463804595
2024-10-23 14:45:37,512137.0,29.994885795131243
2024-10-23 14:55:37,512737.0,30.00184712645789
2024-10-23 15:05:37,513337.0,30.021933457784527
2024-10-23 15:15:37,513937.0,30.012644789111178
2024-10-23 15:25:37,514537.0,30.033356120437826
2024-10-23 15:35:37,515137.0,29.983442451764468
2024-10-23 15:45:37,515737.0,29.98977878309112
2024-10-23 15:55:37,516337.0,30.00486511441776
2024-10-23 16:05:37,516937.0,29.98557644574441
2024-10-23 16:15:37,517537.0,30.006287777071055
2024-10-23 16:25:37,518137.0,30.073249108397697
2024-10-23 16:35:37,518737.0,30.020210439724345
2024-10-23 16:45:37,519337.0,30.010296771050996
2024-10-23 16:55:37,519937.0,30.082883102377636
2024-10-23 17:05:37,520537.0,30.044844433704284
2024-10-23 17:15:37,521137.0,30.018055765030926
2024-10-23 17:25:37,521737.0,29.987517096357575
2024-10-23 17:35:37,522337.0,30.050728427684213
2024-10-23 17:45:37,522937.0,30.067689759010868
2024-10-23 17:55:37,523537.0,30.07715109033751
2024-10-23 18:05:37,524137.0,30.007862421664154
2024-10-23 18:15:37,524737.0,29.982948752990797
2024-10-23 18:25:37,525337.0,30.011160084317446
2024-10-23 18:35:37,525937.0,30.0506214156441
2024-10-23 18:45:37,526537.0,29.98008274697074
2024-10-23 18:55:37,527137.0,30.047044078297386
2024-10-23 19:05:37,527737.0,30.01838040962403
2024-10-23 19:15:37,528337.0,30.054091740950668
2024-10-23 19:25:37,528937.0,30.111678072277318
2024-10-23 19:35:37,529537.0,30.089264403603966
2024-10-23 19:45:37,530137.0,30.08122573493061
2024-10-23 19:55:37,530737.0,30.083812066257256
2024-10-23 20:05:37,531337.0,30.049523397583897
2024-10-23 20:15:37,531937.0,30.086484728910555
2024-10-23 20:25:37,532537.0,30.095321060237193
2024-10-23 20:35:37,533137.0,30.13603239156384
2024-10-23 20:45:37,533737.0,30.10299372289049
2024-10-23 20:55:37,534337.0,30.146205054217127
2024-10-23 21:05:37,534937.0,30.076916385543775
2024-10-23 21:15:37,535537.0,30.108252716870417
2024-10-23 21:25:37,536137.0,30.11208904819707
2024-10-23 21:35:37,536737.0,30.177175379523714
2024-10-23 21:45:37,537337.0,30.15288671085036
2024-10-23 21:55:37,537937.0,30.16547304217701
2024-10-23 22:05:37,538537.0,30.202434373503646
2024-10-23 22:15:37,539137.0,30.1918957048303
2024-10-23 22:25:37,539737.0,30.230107036156937
2024-10-23 22:35:37,540337.0,30.182068367483588
2024-10-23 22:45:37,540937.0,30.199654698810228
2024-10-23 22:55:37,541537.0,30.16661603013688
2024-10-23 23:05:37,542137.0,30.117327361463524
2024-10-23 23:15:37,542737.0,30.19553869279017
2024-10-23 23:25:37,543337.0,30.138750024116813
2024-10-23 23:35:37,543937.0,30.184461355443464
2024-10-23 23:45:37,544537.0,30.21267268677011
2024-10-23 23:55:37,545137.0,30.222134018096753
2024-10-24 00:05:37,545737.0,30.2428453494234
2024-10-24 00:15:37,546337.0,30.19418168075005
2024-10-24 00:25:37,546937.0,30.230518012076693
2024-10-24 00:35:37,547537.0,30.210604343403336
2024-10-24 00:45:37,548137.0,30.213815674729986
2024-10-24 00:55:37,548737.0,30.242652006056627
2024-10-24 01:05:37,549337.0,30.214613337383273
2024-10-24 01:15:37,549937.0,30.22657466870992
2024-10-24 01:25:37,550537.0,30.239161000036567
2024-10-24 01:35:37,551137.0,30.24674733136321
2024-10-24 01:45:37,551737.0,30.268083662689858
2024-10-24 01:55:37,552337.0,30.237544994016503
2024-10-24 02:05:37,552937.0,30.332631325343147
2024-10-24 02:15:37,553537.0,30.216467656669792
2024-10-24 02:25:37,554137.0,30.25405398799644
2024-10-24 02:35:37,554737.0,30.28101531932308
2024-10-24 02:45:37,555337.0,30.246726650649737
2024-10-24 02:55:37,555937.0,30.254312981976376
2024-10-24 03:05:37,556537.0,30.26939931330303
2024-10-24 03:15:37,557137.0,30.23573564462967
2024-10-24 03:25:37,557737.0,30.250821975956317
2024-10-24 03:35:37,558337.0,30.215908307282955
2024-10-24 03:45:37,558937.0,30.229744638609606
2024-10-24 03:55:37,559537.0,30.249830969936255
2024-10-24 04:05:37,560137.0,30.1855423012629
2024-10-24 04:15:37,560737.0,30.175628632589543
2024-10-24 04:25:37,561337.0,30.205089963916194
2024-10-24 04:35:37,561937.0,30.209551295242832
2024-10-24 04:45:37,562537.0,30.194637626569477
2024-10-24 04:55:37,563137.0,30.332223957896126
2024-10-24 05:05:37,563737.0,30.117310289222768
2024-10-24 05:15:37,564337.0,30.343021620549415
2024-10-24 05:25:37,564937.0,30.241232951876064
2024-10-24 05:35:36,565536.0,30.111319139317164
2024-10-24 05:45:36,566136.0,30.234530470643815
2024-10-24 05:55:36,566736.0,30.11836680197046
2024-10-24 06:05:36,567336.0,30.187203133297107
2024-10-24 06:15:36,567936.0,30.12541446462375
2024-10-24 06:25:36,568536.0,30.18737579595039
2024-10-24 06:35:36,569136.0,30.11121212727704
2024-10-24 06:45:36,569736.0,30.09254845860368
2024-10-24 06:55:36,570336.0,30.142634789930327
2024-10-24 07:05:36,570936.0,30.08834612125697
2024-10-24 07:15:36,571536.0,30.21093245258362
2024-10-24 07:25:36,572136.0,30.084143783910267
2024-10-24 07:35:36,572736.0,30.089230115236912
2024-10-24 07:45:36,573336.0,30.143691446563555
2024-10-24 07:55:36,573936.0,30.152527777890203
2024-10-24 08:05:36,574536.0,30.19948910921685
2024-10-24 08:15:36,575136.0,30.1339504405435
2024-10-24 08:25:36,575736.0,30.144661771870144
2024-10-24 08:35:36,576336.0,30.212873103196788
2024-10-24 08:45:36,576936.0,30.157334434523428
2024-10-24 08:55:36,577536.0,30.105545765850074
2024-10-24 09:05:36,578136.0,30.12313209717673
2024-10-24 09:15:36,578736.0,30.144468428503373
2024-10-24 09:25:36,579336.0,30.21392975983001
2024-10-24 09:35:36,579936.0,30.235891091156656
2024-10-24 09:45:36,580536.0,30.23972742248331
2024-10-24 09:55:36,581136.0,30.231688753809955
2024-10-24 10:05:36,581736.0,30.133025085136598
2024-10-24 10:15:36,582336.0,30.20186141646324
2024-10-24 10:25:36,582936.0,30.18444774778989
2024-10-24 10:35:36,583536.0,30.187659079116536
2024-10-24 10:45:36,584136.0,30.202120410443182
2024-10-24 10:55:36,584736.0,30.136581741769827
2024-10-24 11:05:36,585336.0,30.15229307309647
2024-10-24 11:15:36,585936.0,30.18737940442312
2024-10-24 11:25:36,586536.0,30.266215735749764
2024-10-24 11:35:36,587136.0,30.26880206707641
2024-10-24 11:45:36,587736.0,30.242638398403052
2024-10-24 11:55:36,588336.0,30.2220997297297
2024-10-24 12:05:36,588936.0,30.187186061056344
2024-10-24 12:15:36,589536.0,30.219772392382986
2024-10-24 12:25:36,590136.0,30.206733723709632
2024-10-24 12:35:36,590736.0,30.246820055036284
2024-10-24 12:45:36,591336.0,30.181906386362932
2024-10-24 12:55:36,591936.0,30.114492717689576
2024-10-24 13:05:36,592536.0,30.158329049016217
2024-10-24 13:15:36,593136.0,30.27279038034286
2024-10-24 13:25:36,593736.0,30.318501711669505
2024-10-24 13:35:36,594336.0,30.201713042996154
2024-10-24 13:45:36,594936.0,30.2517993743228
2024-10-24 13:55:36,595536.0,30.199385705649444
2024-10-24 14:05:36,596136.0,30.201972036976088
2024-10-24 14:15:36,596736.0,30.31830836830274
2024-10-24 14:25:36,597336.0,30.348394699629385
2024-10-24 14:35:36,597936.0,30.21660603095603
2024-10-24 14:45:36,598536.0,30.191067362282674
2024-10-24 14:55:36,599136.0,30.312403693609316
2024-10-24 15:05:36,599736.0,30.39436502493597
2024-10-24 15:15:36,600336.0,30.320076356262614
2024-10-24 15:25:36,600936.0,30.353912687589265
2024-10-24 15:35:36,601536.0,30.280249018915896
2024-10-24 15:45:36,602136.0,30.25158535024255
2024-10-24 15:55:36,602736.0,30.163546681569194
2024-10-24 16:05:36,603336.0,30.19675801289584
2024-10-24 16:15:36,603936.0,30.389969344222486
2024-10-24 16:25:36,604536.0,30.295055675549133
2024-10-24 16:35:36,605136.0,30.333892006875782
2024-10-24 16:45:36,605736.0,30.307728338202423
2024-10-24 16:55:36,606336.0,30.42343966952907
2024-10-24 17:05:36,606936.0,30.327901000855714
2024-10-24 17:15:36,607536.0,30.304862332182367
2024-10-24 17:25:36,608136.0,30.36307366350901
2024-10-24 17:35:36,608736.0,30.442534994835654
2024-10-24 17:45:36,609336.0,30.460121326162295
2024-10-24 17:55:36,609936.0,30.42458265748894
2024-10-24 18:05:36,610536.0,30.357793988815587
2024-10-24 18:15:36,611136.0,30.28100532014223
2024-10-24 18:25:36,611736.0,30.24796665146888
2024-10-24 18:35:36,612336.0,30.265552982795523
2024-10-24 18:45:36,612936.0,30.210639314122172
2024-10-24 18:55:36,613536.0,30.322600645448812
2024-10-24 19:05:36,614136.0,30.37956197677546
2024-10-24 19:15:36,614736.0,30.42152330810211
2024-10-24 19:25:36,615336.0,30.417234639428756
2024-10-24 19:35:36,615936.0,30.326070970755396
2024-10-24 19:45:36,616536.0,30.253032302082048
2024-10-24 19:55:36,617136.0,30.50686863340869
2024-10-24 20:05:36,617736.0,30.397579964735332
2024-10-24 20:15:36,618336.0,30.33204129606198
2024-10-24 20:25:36,618936.0,30.22962762738863
2024-10-24 20:35:36,619536.0,30.34408895871527
2024-10-24 20:45:36,620136.0,30.332925290041914
2024-10-24 20:55:36,620736.0,30.351761621368563
2024-10-24 21:05:36,621336.0,30.37372295269521
2024-10-24 21:15:36,621936.0,30.428184284021857
2024-10-24 21:25:36,622536.0,30.373895615348502
2024-10-24 21:35:36,623136.0,30.402106946675143
2024-10-24 21:45:36,623736.0,30.444068278001794
2024-10-24 21:55:36,624336.0,30.487904609328446
2024-10-24 22:05:36,624936.0,30.437990940655087
2024-10-24 22:15:36,625536.0,30.38307727198173
2024-10-24 22:25:36,626136.0,30.463163603308377
2024-10-24 22:35:36,626736.0,30.40262493463502
2024-10-24 22:45:36,627336.0,30.39646126596167
2024-10-24 22:55:36,627936.0,30.492797597288316
2024-10-24 23:05:36,628536.0,30.537883928614953
2024-10-24 23:15:36,629136.0,30.44234525994161
2024-10-24 23:25:36,629736.0,30.443681591268245
2024-10-24 23:35:36,630336.0,30.532517922594895
2024-10-24 23:45:36,630936.0,30.42822925392154
2024-10-24 23:55:36,631536.0,30.486440585248186
2024-10-25 00:05:36,632136.0,30.599651916574835
2024-10-25 00:15:36,632736.0,30.56786324790148
2024-10-25 00:25:36,633336.0,30.469199579228125
2024-10-25 00:35:36,633936.0,30.461785910554774
2024-10-25 00:45:36,634536.0,30.53749724188141
2024-10-25 00:55:36,635136.0,30.53008357320806
2024-10-25 01:05:36,635736.0,30.535794904534704
2024-10-25 01:15:36,636336.0,30.53463123586135
2024-10-25 01:25:36,636936.0,30.542842567188003
2024-10-25 01:35:36,637536.0,30.45167889851464
2024-10-25 01:45:36,638136.0,30.50739022984129
2024-10-25 01:55:36,638736.0,30.66497656116793
2024-10-25 02:05:36,639336.0,30.54443789249458
2024-10-25 02:15:36,639936.0,30.54202422382123
2024-10-25 02:25:36,640536.0,30.673360555147877
2024-10-25 02:35:36,641136.0,30.56719688647452
2024-10-25 02:45:36,641736.0,30.506033217801168
2024-10-25 02:55:36,642336.0,30.578619549127815
2024-10-25 03:05:36,642936.0,30.60558088045446
2024-10-25 03:15:36,643536.0,30.531292211781107
2024-10-25 03:25:36,644136.0,30.600753543107746
2024-10-25 03:35:36,644736.0,30.562714874434395
2024-10-25 03:45:36,645336.0,30.518426205761035
2024-10-25 03:55:36,645936.0,30.514762537087687
2024-10-25 04:05:36,646536.0,30.557348868414334
2024-10-25 04:15:36,647136.0,30.53493519974098
2024-10-25 04:25:36,647736.0,30.62564653106762
2024-10-25 04:35:36,648336.0,30.526982862394274
2024-10-25 04:45:36,648936.0,30.60019419372092
2024-10-25 04:55:36,649536.0,30.599655525047556
2024-10-25 05:05:36,650136.0,30.5403668563742
2024-10-25 05:15:35,650735.0,30.496078043815306
2024-10-25 05:25:35,651335.0,30.54303937514195
2024-10-25 05:35:35,651935.0,30.581250706468605
2024-10-25 05:45:35,652535.0,30.50196203779524
2024-10-25 05:55:35,653135.0,30.50142336912189
2024-10-25 06:05:35,653735.0,30.596509700448532
2024-10-25 06:15:35,654335.0,30.66472103177518
2024-10-25 06:25:35,654935.0,30.623557363101824
2024-10-25 06:35:35,655535.0,30.60051869442847
2024-10-25 06:45:35,656135.0,30.673105025755117
2024-10-25 06:55:35,656735.0,30.59694135708176
2024-10-25 07:05:35,657335.0,30.647652688408403
2024-10-25 07:15:35,657935.0,30.69461401973505
2024-10-25 07:25:35,658535.0,30.689075351061703
2024-10-25 07:35:35,659135.0,30.637286682388346
2024-10-25 07:45:35,659735.0,30.66799801371499
2024-10-25 07:55:35,660335.0,30.652459345041635
2024-10-25 08:05:35,660935.0,30.678795676368285
2024-10-25 08:15:35,661535.0,30.640757007694926
2024-10-25 08:25:35,662135.0,30.55896833902157
2024-10-25 08:35:35,662735.0,30.544679670348216
2024-10-25 08:45:35,663335.0,30.64914100167486
2024-10-25 08:55:35,663935.0,30.682352333001504
2024-10-25 09:05:35,664535.0,30.71181366432815
2024-10-25 09:15:35,665135.0,30.662524995654802
2024-10-25 09:25:35,665735.0,30.620111326981444
2024-10-25 09:35:35,666335.0,30.662072658308087
2024-10-25 09:45:35,666935.0,30.64215898963474
2024-10-25 09:55:35,667535.0,30.572245320961382
2024-10-25 10:05:35,668135.0,30.59920665228803
2024-10-25 10:15:35,668735.0,30.666167983614677
2024-10-25 10:25:35,669335.0,30.671254314941322
2024-10-25 10:35:35,669935.0,30.681965646267965
2024-10-25 10:45:35,670535.0,30.68580197759461
2024-10-25 10:55:35,671135.0,30.69463830892126
2024-10-25 11:05:35,671735.0,30.677849640247906
2024-10-25 11:15:35,672335.0,30.587310971574553
2024-10-25 11:25:35,672935.0,30.614897302901195
2024-10-25 11:35:35,673535.0,30.642483634227837
2024-10-25 11:45:35,674135.0,30.690069965554486
2024-10-25 11:55:35,674735.0,30.684531296881133
2024-10-25 12:05:35,675335.0,30.63961762820778
2024-10-25 12:15:35,675935.0,30.684703959534417
2024-10-25 12:25:35,676535.0,30.582915290861067
2024-10-25 12:35:35,677135.0,30.61862662218771
2024-10-25 12:45:35,677735.0,30.64558795351436
2024-10-25 12:55:35,678335.0,30.668174284841008
2024-10-25 13:05:35,678935.0,30.667010616167648
2024-10-25 13:15:35,679535.0,30.699596947494296
2024-10-25 13:25:35,680135.0,30.667183278820943
2024-10-25 13:35:35,680735.0,30.644144610147592
2024-10-25 13:45:35,681335.0,30.579855941474236
2024-10-25 13:55:35,681935.0,30.64806727280088
2024-10-25 14:05:35,682535.0,30.619403604127523
2024-10-25 14:15:35,683135.0,30.62511493545417
2024-10-25 14:25:35,683735.0,30.728951266780825
2024-10-25 14:35:35,684335.0,30.718412598107463
2024-10-25 14:45:35,684935.0,30.667248929434106
2024-10-25 14:55:35,685535.0,30.721085260760756
2024-10-25 15:05:35,686135.0,30.681171592087406
2024-10-25 15:15:35,686735.0,30.690632923414043
2024-10-25 15:25:35,687335.0,30.68134425474069
2024-10-25 15:35:35,687935.0,30.712680586067332
2024-10-25 15:45:35,688535.0,30.727766917393982
2024-10-25 15:55:35,689135.0,30.696603248720624
2024-10-25 16:05:35,689735.0,30.644814580047274
2024-10-25 16:15:35,690335.0,30.716150911373923
2024-10-25 16:25:35,690935.0,30.699362242700566
2024-10-25 16:35:35,691535.0,30.68069857402721
2024-10-25 16:45:35,692135.0,30.662034905353863
2024-10-25 16:55:35,692735.0,30.6908712366805
2024-10-25 17:05:35,693335.0,30.689082568007144
2024-10-25 17:15:35,693935.0,30.73041889933379
2024-10-25 17:25:35,694535.0,30.654880230660442
2024-10-25 17:35:35,695135.0,30.736841561987085
2024-10-25 17:45:35,695735.0,30.67067789331373
2024-10-25 17:55:35,696335.0,30.750139224640378
2024-10-25 18:05:35,696935.0,30.777100555967028
2024-10-25 18:15:35,697535.0,30.773436887293673
2024-10-25 18:25:35,698135.0,30.74289821862031
2024-10-25 18:35:35,698735.0,30.72860954994696
2024-10-25 18:45:35,699335.0,30.75807088127361
2024-10-25 18:55:35,699935.0,30.76440721260025
2024-10-25 19:05:35,700535.0,30.670118543926893
2024-10-25 19:15:35,701135.0,30.72707987525354
2024-10-25 19:25:35,701735.0,30.744041206580196
2024-10-25 19:35:35,702335.0,30.784752537906837
2024-10-25 19:45:35,702935.0,30.75483886923348
2024-10-25 19:55:35,703535.0,30.826175200560122
2024-10-25 20:05:35,704135.0,30.86751153188677
2024-10-25 20:15:35,704735.0,30.81134786321342
2024-10-25 20:25:35,705335.0,30.732059194540064
2024-10-25 20:35:35,705935.0,30.735270525866706
2024-10-25 20:45:35,706535.0,30.731606857193356
2024-10-25 20:55:35,707135.0,30.795443188519997
2024-10-25 21:05:35,707735.0,30.884279519846647
2024-10-25 21:15:35,708335.0,30.87374085117329
2024-10-25 21:25:35,708935.0,30.82945218249994
2024-10-25 21:35:35,709535.0,30.81703851382658
2024-10-25 21:45:35,710135.0,30.830874845153225
2024-10-25 21:55:35,710735.0,30.875961176479876
2024-10-25 22:05:35,711335.0,30.957922507806522
2024-10-25 22:15:35,711935.0,30.982383839133167
2024-10-25 22:25:35,712535.0,30.90747017045981
2024-10-25 22:35:35,713135.0,30.95130650178646
2024-10-25 22:45:35,713735.0,30.9626428331131
2024-10-25 22:55:35,714335.0,30.96835416443975
2024-10-25 23:05:35,714935.0,30.919065495766393
2024-10-25 23:15:35,715535.0,30.929151827093044
2024-10-25 23:25:35,716135.0,30.93236315841969
2024-10-25 23:35:35,716735.0,30.956824489746328
2024-10-25 23:45:35,717335.0,30.95878582107298
2024-10-25 23:55:35,717935.0,30.941372152399623
2024-10-26 00:05:35,718535.0,30.95583348372627
2024-10-26 00:15:35,719135.0,30.93654481505291
2024-10-26 00:25:35,719735.0,31.00038114637956
2024-10-26 00:35:35,720335.0,30.93046747770621
2024-10-26 00:45:35,720935.0,30.931178809032847
2024-10-26 00:55:35,721535.0,30.941265140359494
2024-10-26 01:05:35,722135.0,30.965726471686143
2024-10-26 01:15:35,722735.0,31.014562803012787
2024-10-26 01:25:35,723335.0,30.947774134339436
2024-10-26 01:35:35,723935.0,30.880360465666076
2024-10-26 01:45:35,724535.0,30.924821796992724
2024-10-26 01:55:35,725135.0,30.972408128319366
2024-10-26 02:05:35,725735.0,30.932494459646012
2024-10-26 02:15:35,726335.0,31.05570579097266
2024-10-26 02:25:35,726935.0,31.013917122299308
2024-10-26 02:35:35,727535.0,31.027753453625955
2024-10-26 02:45:35,728135.0,31.0303397849526
2024-10-26 02:55:35,728735.0,31.04605111627924
2024-10-26 03:05:35,729335.0,31.020512447605892
2024-10-26 03:15:35,729935.0,31.086848778932534
2024-10-26 03:25:35,730535.0,31.068185110259183
2024-10-26 03:35:35,731135.0,31.108896441585827
2024-10-26 03:45:35,731735.0,31.117732772912472
2024-10-26 03:55:35,732335.0,31.110319104239117
2024-10-26 04:05:35,732935.0,31.115405435565762
2024-10-26 04:15:35,733535.0,31.111116766892405
2024-10-26 04:25:35,734135.0,31.113703098219048
2024-10-26 04:35:35,734735.0,31.118164429545697
2024-10-26 04:45:35,735335.0,31.085750760872347
2024-10-26 04:55:35,735935.0,31.062087092198986
2024-10-26 05:05:35,736535.0,31.058423423525632
2024-10-26 05:15:35,737135.0,31.076009754852286
2024-10-26 05:25:35,737735.0,31.078596086178933
2024-10-26 05:35:35,738335.0,31.069932417505576
2024-10-26 05:45:35,738935.0,31.126268748832217
2024-10-26 05:55:35,739535.0,31.106980080158866
2024-10-26 06:05:35,740135.0,31.08644141148551
2024-10-26 06:15:35,740735.0,30.994652742812157
2024-10-26 06:25:35,741335.0,30.9928640741388
2024-10-26 06:35:35,741935.0,31.06482540546545
2024-10-26 06:45:35,742535.0,31.006786736792094
2024-10-26 06:55:35,743135.0,31.05812306811874
2024-10-26 07:05:35,743735.0,31.029459399445386
2024-10-26 07:15:35,744335.0,31.026420730772028
2024-10-26 07:25:35,744935.0,31.00775706209868
2024-10-26 07:35:35,745535.0,31.04471839342532
2024-10-26 07:45:35,746135.0,31.02230472475196
2024-10-26 07:55:35,746735.0,31.04051605607861
2024-10-26 08:05:35,747335.0,31.024352387405262
2024-10-26 08:15:35,747935.0,31.0319387187319
2024-10-26 08:25:35,748535.0,31.10577505005855
2024-10-26 08:35:35,749135.0,31.102111381385196
2024-10-26 08:45:34,749734.0,31.090947568826298
2024-10-26 08:55:34,750334.0,31.179783900152945
2024-10-26 09:05:34,750934.0,31.03362023147959
2024-10-26 09:15:34,751534.0,31.070581562806236
2024-10-26 09:25:34,752134.0,31.02941789413288
2024-10-26 09:35:34,752734.0,31.095754225459526
2024-10-26 09:45:34,753334.0,31.03834055678617
2024-10-26 09:55:34,753934.0,30.99717688811282
2024-10-26 10:05:34,754534.0,31.017263219439467
2024-10-26 10:15:34,755134.0,31.052349550766102
2024-10-26 10:25:34,755734.0,31.039310882092753
2024-10-26 10:35:34,756334.0,31.064397213419408
2024-10-26 10:45:34,756934.0,31.020108544746044
2024-10-26 10:55:34,757534.0,31.02144487607269
2024-10-26 11:05:34,758134.0,31.084031207399338
2024-10-26 11:15:34,758734.0,31.092867538725983
2024-10-26 11:25:34,759334.0,31.07670387005263
2024-10-26 11:35:34,759934.0,31.09241520137927
2024-10-26 11:45:34,760534.0,31.070626532705916
2024-10-26 11:55:34,761134.0,31.09821286403257
2024-10-26 12:05:34,761734.0,31.073299195359212
2024-10-26 12:15:34,762334.0,31.12963552668586
2024-10-26 12:25:34,762934.0,31.197221858012504
2024-10-26 12:35:34,763534.0,31.11605818933915
2024-10-26 12:45:34,764134.0,31.162394520665792
2024-10-26 12:55:34,764734.0,31.149980851992442
2024-10-26 13:05:34,765334.0,31.112567183319086
2024-10-26 13:15:34,765934.0,31.108278514645733
2024-10-26 13:25:34,766534.0,31.055239845972373
2024-10-26 13:35:34,767134.0,31.12282617729902
2024-10-26 13:45:34,767734.0,31.077287508625663
2024-10-26 13:55:34,768334.0,31.127998839952316
2024-10-26 14:05:34,768934.0,31.15308517127896
2024-10-26 14:15:34,769534.0,31.095046502605605
2024-10-26 14:25:34,770134.0,31.12200783393225
2024-10-26 14:35:34,770734.0,31.149594165258893
2024-10-26 14:45:34,771334.0,31.129680496585543
2024-10-26 14:55:34,771934.0,31.11789182791219
2024-10-26 15:05:34,772534.0,31.112978159238832
2024-10-26 15:15:34,773134.0,31.07493949056548
2024-10-26 15:25:34,773734.0,31.110025821892123
2024-10-26 15:35:34,774334.0,31.076987153218777
2024-10-26 15:45:34,774934.0,31.16957348454542
2024-10-26 15:55:34,775534.0,31.10840981587206
2024-10-26 16:05:34,776134.0,31.06537114719871
2024-10-26 16:15:34,776734.0,31.12358247852535
2024-10-26 16:25:34,777334.0,31.106168809852
2024-10-26 16:35:34,777934.0,31.116880141178648
2024-10-26 16:45:34,778534.0,31.120091472505294
2024-10-26 16:55:34,779134.0,31.12205280383194
2024-10-26 17:05:34,779734.0,31.106514135158584
2024-10-26 17:15:34,780334.0,31.152850466485223
2024-10-26 17:25:34,780934.0,31.149186797811875
2024-10-26 17:35:34,781534.0,31.16364812913852
2024-10-26 17:45:34,782134.0,31.17498446046516
2024-10-26 17:55:34,782734.0,31.17007079179181
2024-10-26 18:05:34,783334.0,31.14765712311846
2024-10-26 18:15:34,783934.0,31.137743454445104
2024-10-26 18:25:34,784534.0,31.172829785771746
2024-10-26 18:35:34,785134.0,31.203541117098396
2024-10-26 18:45:34,785734.0,31.208627448425037
2024-10-26 18:55:34,786334.0,31.200588779751683
2024-10-26 19:05:34,786934.0,31.178800111078328
2024-10-26 19:15:34,787534.0,31.17888644240498
2024-10-26 19:25:34,788134.0,31.258972773731625
2024-10-26 19:35:34,788734.0,31.270934105058267
2024-10-26 19:45:34,789334.0,31.379770436384913
2024-10-26 19:55:34,789934.0,31.343606767711563
2024-10-26 20:05:34,790534.0,31.31244309903821
2024-10-26 20:15:34,791134.0,31.281279430364854
2024-10-26 20:25:34,791734.0,31.353865761691498
2024-10-26 20:35:34,792334.0,31.33832709301814
2024-10-26 20:45:34,792934.0,31.409038424344786
2024-10-26 20:55:34,793534.0,31.362249755671435
2024-10-26 21:05:34,794134.0,31.37733608699808
2024-10-26 21:15:34,794734.0,31.30554741832473
2024-10-26 21:25:34,795334.0,31.28250874965137
2024-10-26 21:35:34,795934.0,31.35322008097802
2024-10-26 21:45:34,796534.0,31.408931412304657
2024-10-26 21:55:34,797134.0,31.35964274363131
2024-10-26 22:05:34,797734.0,31.318479074957956
2024-10-26 22:15:34,798334.0,31.347940406284597
2024-10-26 22:25:34,798934.0,31.419901737611237
2024-10-26 22:35:34,799534.0,31.486863068937893
2024-10-26 22:45:34,800134.0,31.300699400264534
2024-10-26 22:55:34,800734.0,31.221410731591185
2024-10-26 23:05:34,801334.0,31.283997062917827
2024-10-26 23:15:34,801934.0,31.405958394244468
2024-10-26 23:25:34,802534.0,31.473544725571113
2024-10-26 23:35:34,803134.0,31.468006056897767
2024-10-26 23:45:34,803734.0,31.484967388224412
2024-10-26 23:55:34,804334.0,31.49567871955105
2024-10-27 00:05:34,804934.0,31.398265050877693
2024-10-27 00:15:34,805534.0,31.45835138220434
2024-10-27 00:25:34,806134.0,31.51656271353099
2024-10-27 00:35:34,806734.0,31.415399044857637
2024-10-27 00:45:34,807334.0,31.462360376184286
2024-10-27 00:55:34,807934.0,31.416821707510927
2024-10-27 01:05:34,808534.0,31.46128303883757
2024-10-27 01:15:34,809134.0,31.56386937016422
2024-10-27 01:25:34,809734.0,31.448330701490864
2024-10-27 01:35:34,810334.0,31.36029203281751
2024-10-27 01:45:34,810934.0,31.47537836414416
2024-10-27 01:55:34,811534.0,31.439214695470802
2024-10-27 02:05:34,812134.0,31.48992602679745
2024-10-27 02:15:34,812734.0,31.568137358124098
2024-10-27 02:25:34,813334.0,31.47634868945074
2024-10-27 02:35:34,813934.0,31.453935020777386
2024-10-27 02:45:34,814534.0,31.37089635210403
2024-10-27 02:55:34,815134.0,31.535982683430678
2024-10-27 03:05:34,815734.0,31.53169401475732
2024-10-27 03:15:34,816334.0,31.45365534608397
2024-10-27 03:25:34,816934.0,31.484991677410612
2024-10-27 03:35:34,817534.0,31.47445300873726
2024-10-27 03:45:34,818134.0,31.451414340063902
2024-10-27 03:55:34,818734.0,31.54150067139055
2024-10-27 04:05:34,819334.0,31.6034620027172
2024-10-27 04:15:34,819934.0,31.483548334043846
2024-10-27 04:25:34,820534.0,31.494884665370485
2024-10-27 04:35:34,821134.0,31.470595996697128
2024-10-27 04:45:34,821734.0,31.482557328023777
2024-10-27 04:55:34,822334.0,31.437643659350424
2024-10-27 05:05:34,822934.0,31.47210499067707
2024-10-27 05:15:34,823534.0,31.464691322003716
2024-10-27 05:25:34,824134.0,31.504777653330358
2024-10-27 05:35:34,824734.0,31.462988984657006
2024-10-27 05:45:34,825334.0,31.460575315983654
2024-10-27 05:55:34,825934.0,31.468786647310303
2024-10-27 06:05:34,826534.0,31.555122978636945
2024-10-27 06:15:34,827134.0,31.523334309963587
2024-10-27 06:25:34,827734.0,31.51342064129024
2024-10-27 06:35:34,828334.0,31.542256972616883
2024-10-27 06:45:34,828934.0,31.47234330394353
2024-10-27 06:55:34,829534.0,31.486179635270172
2024-10-27 07:05:34,830134.0,31.428765966596814
2024-10-27 07:15:34,830734.0,31.40760229792346
2024-10-27 07:25:34,831334.0,31.440813629250115
2024-10-27 07:35:34,831934.0,31.389649960576754
2024-10-27 07:45:34,832534.0,31.4291112919034
2024-10-27 07:55:34,833134.0,31.40857262323005
2024-10-27 08:05:34,833734.0,31.464283954556695
2024-10-27 08:15:34,834334.0,31.484995285883336
2024-10-27 08:25:34,834934.0,31.50508161720999
2024-10-27 08:35:34,835534.0,31.507667948536632
2024-10-27 08:45:34,836134.0,31.500254279863277
2024-10-27 08:55:34,836734.0,31.482215611189922
2024-10-27 09:05:34,837334.0,31.519801942516565
2024-10-27 09:15:34,837934.0,31.529888273843213
2024-10-27 09:25:34,838534.0,31.540599605169863
2024-10-27 09:35:34,839134.0,31.468185936496496
2024-10-27 09:45:34,839734.0,31.525772267823147
2024-10-27 09:55:34,840334.0,31.581483599149795
2024-10-27 10:05:34,840934.0,31.529069930476442
2024-10-27 10:15:34,841534.0,31.530406261803083
2024-10-27 10:25:34,842134.0,31.453617593129728
2024-10-27 10:35:34,842734.0,31.451203924456376
2024-10-27 10:45:34,843334.0,31.364415255783026
2024-10-27 10:55:34,843934.0,31.406376587109666
2024-10-27 11:05:34,844534.0,31.41833791843632
2024-10-27 11:15:34,845134.0,31.45279924976296
2024-10-27 11:25:34,845734.0,31.426635581089606
2024-10-27 11:35:34,846334.0,31.398596912416256
2024-10-27 11:45:34,846934.0,31.3230582437429
2024-10-27 11:55:34,847534.0,31.328144575069548
2024-10-27 12:05:34,848134.0,31.32510590639619
2024-10-27 12:15:34,848734.0,31.37081723772284
2024-10-27 12:25:34,849334.0,31.38590356904948
2024-10-27 12:35:34,849934.0,31.39223990037613
2024-10-27 12:45:34,850534.0,31.402951231702765
2024-10-27 12:55:34,851134.0,31.408662563029424
2024-10-27 13:05:34,851734.0,31.41374889435607
2024-10-27 13:15:34,852334.0,31.383210225682706
2024-10-27 13:25:34,852934.0,31.373296557009358
2024-10-27 13:35:34,853534.0,31.438382888335997
2024-10-27 13:45:34,854134.0,31.425344219662648
2024-10-27 13:55:34,854734.0,31.477930550989292
2024-10-27 14:05:34,855334.0,31.526141882315937
2024-10-27 14:15:34,855934.0,31.516853213642587
2024-10-27 14:25:34,856534.0,31.44881454496923
2024-10-27 14:35:34,857134.0,31.465775876295872
2024-10-27 14:45:34,857734.0,31.503987207622522
2024-10-27 14:55:34,858334.0,31.588448538949166
2024-10-27 15:05:34,858934.0,31.649784870275813
2024-10-27 15:15:34,859534.0,31.723621201602462
2024-10-27 15:25:34,860134.0,31.691832532929105
2024-10-27 15:35:34,860734.0,31.69004386425575
2024-10-27 15:45:34,861334.0,31.63325519558239
2024-10-27 15:55:34,861934.0,31.624591526909043
2024-10-27 16:05:34,862534.0,31.645927858235687
2024-10-27 16:15:33,863133.0,31.648514045676784
2024-10-27 16:25:33,863733.0,31.59172537700343
2024-10-27 16:35:33,864333.0,31.582436708330086
2024-10-27 16:45:33,864933.0,31.610023039656728
2024-10-27 16:55:33,865533.0,31.65760937098337
2024-10-27 17:05:33,866133.0,31.658945702310017
2024-10-27 17:15:33,866733.0,31.70028203363666
2024-10-27 17:25:33,867333.0,31.639743364963305
2024-10-27 17:35:33,867933.0,31.656079696289954
2024-10-27 17:45:33,868533.0,31.6742910276166
2024-10-27 17:55:33,869133.0,31.648127358943245
2024-10-27 18:05:33,869733.0,31.660088690269887
2024-10-27 18:15:33,870333.0,31.665800021596528
2024-10-27 18:25:33,870933.0,31.60776135292318
2024-10-27 18:35:33,871533.0,31.65972268424983
2024-10-27 18:45:33,872133.0,31.66980901557647
2024-10-27 18:55:33,872733.0,31.63177034690312
2024-10-27 19:05:33,873333.0,31.641856678229765
2024-10-27 19:15:33,873933.0,31.56631800955641
2024-10-27 19:25:33,874533.0,31.593904340883054
2024-10-27 19:35:33,875133.0,31.5883656722097
2024-10-27 19:45:33,875733.0,31.634077003536344
2024-10-27 19:55:33,876333.0,31.62416333486299
2024-10-27 20:05:33,876933.0,31.713624666189638
2024-10-27 20:15:33,877533.0,31.63433599751628
2024-10-27 20:25:33,878133.0,31.642547328842927
2024-10-27 20:35:33,878733.0,31.664508660169574
2024-10-27 20:45:33,879333.0,31.663969991496224
2024-10-27 20:55:33,879933.0,31.652181322822866
2024-10-27 21:05:33,880533.0,31.66226765414951
2024-10-27 21:15:33,881133.0,31.624853985476165
2024-10-27 21:25:33,881733.0,31.6574403168028
2024-10-27 21:35:33,882333.0,31.608151648129454
2024-10-27 21:45:33,882933.0,31.6269879794561
2024-10-27 21:55:33,883533.0,31.640199310782734
2024-10-27 22:05:33,884133.0,31.68841064210938
2024-10-27 22:15:33,884733.0,31.649746973436027
2024-10-27 22:25:33,885333.0,31.679833304762674
2024-10-27 22:35:33,885933.0,31.721169636089325
2024-10-27 22:45:33,886533.0,31.800005967415967
2024-10-27 22:55:33,887133.0,31.794467298742614
2024-10-27 23:05:33,887733.0,31.74892863006926
2024-10-27 23:15:33,888333.0,31.614014961395903
2024-10-27 23:25:33,888933.0,31.696601292722555
2024-10-27 23:35:33,889533.0,31.724187624049197
2024-10-27 23:45:33,890133.0,31.743023955375843
2024-10-27 23:55:33,890733.0,31.71186028670249
2024-10-28 00:05:33,891333.0,31.705071618029127
2024-10-28 00:15:33,891933.0,31.74765794935578
2024-10-28 00:25:33,892533.0,31.785869280682434
2024-10-28 00:35:33,893133.0,31.726580612009066
2024-10-28 00:45:33,893733.0,31.723541943335718
2024-10-28 00:55:33,894333.0,31.796128274662358
2024-10-28 01:05:33,894933.0,31.69558960598901
2024-10-28 01:15:33,895533.0,31.68255093731565
2024-10-28 01:25:33,896133.0,31.688262268642305
2024-10-28 01:35:33,896733.0,31.670223599968953
2024-10-28 01:45:33,897333.0,31.680934931295596
2024-10-28 01:55:33,897933.0,31.79602126262224
2024-10-28 02:05:33,898533.0,31.704232593948884
2024-10-28 02:15:33,899133.0,31.682443925275532
2024-10-28 02:25:33,899733.0,31.701905256602178
2024-10-28 02:35:33,900333.0,31.872616587928817
2024-10-28 02:45:33,900933.0,31.84082791925546
2024-10-28 02:55:33,901533.0,31.77966425058211
2024-10-28 03:05:33,902133.0,31.904125581908758
2024-10-28 03:15:33,902733.0,31.861086913235404
2024-10-28 03:25:33,903333.0,31.796798244562048
2024-10-28 03:35:33,903933.0,31.794384575888696
2024-10-28 03:45:33,904533.0,31.829470907215335
2024-10-28 03:55:33,905133.0,31.799557238541983
2024-10-28 04:05:33,905733.0,31.72339356986863
2024-10-28 04:15:33,906333.0,31.733479901195278
2024-10-28 04:25:33,906933.0,31.692941232521925
2024-10-28 04:35:33,907533.0,31.709902563848576
2024-10-28 04:45:33,908133.0,31.671238895175215
2024-10-28 04:55:33,908733.0,31.715075226501863
2024-10-28 05:05:33,909333.0,31.750161557828505
2024-10-28 05:15:33,909933.0,31.660247889155148
2024-10-28 05:25:33,910533.0,31.679084220481798
2024-10-28 05:35:33,911133.0,31.642295551808438
2024-10-28 05:45:33,911733.0,31.617381883135092
2024-10-28 05:55:33,912333.0,31.67434321446174
2024-10-28 06:05:33,912933.0,31.64442954578838
2024-10-28 06:15:33,913533.0,31.636390877115026
2024-10-28 06:25:33,914133.0,31.568352208441674
2024-10-28 06:35:33,914733.0,31.55593853976832
2024-10-28 06:45:33,915333.0,31.494774871094965
2024-10-28 06:55:33,915933.0,31.60861120242161
2024-10-28 07:05:33,916533.0,31.61494753374825
2024-10-28 07:15:33,917133.0,31.7087838650749
2024-10-28 07:25:33,917733.0,31.716995196401545
2024-10-28 07:35:33,918333.0,31.773331527728192
2024-10-28 07:45:33,918933.0,31.745292859054835
2024-10-28 07:55:33,919533.0,31.645379190381483
2024-10-28 08:05:33,920133.0,31.575465521708132
2024-10-28 08:15:33,920733.0,31.58617685303477
2024-10-28 08:25:33,921333.0,31.64626318436142
2024-10-28 08:35:33,921933.0,31.669474515688066
2024-10-28 08:45:33,922533.0,31.692685847014708
2024-10-28 08:55:33,923133.0,31.62777217834136
2024-10-28 09:05:33,923733.0,31.680358509668
2024-10-28 09:15:33,924333.0,31.569194840994644
2024-10-28 09:25:33,924933.0,31.616781172321293
2024-10-28 09:35:33,925533.0,31.63561750364794
2024-10-28 09:45:33,926133.0,31.673828834974586
2024-10-28 09:55:33,926733.0,31.71329016630123
